Method,0,1,2,3,4,5,6,7,8,9,10,11,12,13,14,15,16,17,18,19,20,21,22,23,24,25,26,27,28,29,30,31,32,33,34,35,36,37,38,39,40,41,42,43,44,45,46,47,48,49,50,51,52,53,54,55,56,57,58,59,60,61,62,63,64,65,66,67,68,69,70,71,72,73,74,75,76,77,78,79,80,81,82,83,84,85,86,87,88,89,90,91,92,93,94,95,96,97,98,99,100,101,102,103,104,105,106,107,108,109,110,111,112,113,114,115,116,117,118
#KABAT,6.0,6.0,2.6667,4.0,2.6667,1.0,1.0,1.0,1.0,1.0,1.0,1.0,1.0,2.6667,2.6667,6.0,1.0,2.6667,6.0,6.0,2.6667,2.6667,4.0,6.0,6.0,6.0,1.0,16.0,2.6667,16.0,2.6667,1.0,6.0,1.0,1.0,1.0,6.0,6.0,2.6667,16.0,6.0,6.0,2.6667,16.0,16.0,6.0,6.0,2.6667,2.6667,6.0,6.0,2.6667,1.0,1.0,4.0,1.0,6.0,4.0,6.0,16.0,6.0,2.0,8.0,8.0,4.0,16.0,6.0,2.6667,6.0,16.0,6.0,6.0,16.0,6.0,6.0,2.6667,16.0,1.0,2.6667,4.0,6.0,2.6667,6.0,1.0,2.6667,16.0,6.0,4.0,6.0,2.6667,4.0,2.6667,2.6667,1.0,6.0,16.0,16.0,4.0,1.0,6.0,16.0,6.0,2.6667,4.0,16.0,6.0,16.0,16.0,16.0,6.0,2.6667,6.0,6.0,2.6667,4.0,2.6667,2.6667,1.0,1.0
#JORES,12.0,12.0,4.0,4.5,4.0,1.0,1.0,1.0,1.0,1.0,1.0,1.0,1.0,4.0,4.0,12.0,1.0,4.0,12.0,12.0,4.0,4.0,4.5,12.0,12.0,12.0,1.0,36.0,4.0,36.0,4.0,1.0,12.0,1.0,1.0,1.0,12.0,12.0,4.0,36.0,12.0,12.0,4.0,36.0,36.0,12.0,12.0,4.0,4.0,12.0,12.0,4.0,1.0,1.0,4.5,1.0,12.0,4.5,12.0,36.0,12.0,6.0,6.0,6.0,4.5,36.0,12.0,4.0,12.0,36.0,12.0,12.0,36.0,12.0,12.0,4.0,36.0,1.0,4.0,4.5,12.0,4.0,12.0,1.0,4.0,36.0,12.0,4.5,12.0,4.0,4.5,4.0,4.0,1.0,12.0,36.0,36.0,4.5,1.0,12.0,36.0,12.0,4.0,4.5,36.0,12.0,36.0,36.0,36.0,12.0,4.0,12.0,12.0,4.0,4.5,4.0,4.0,1.0,1.0
#SCHNEIDER,0.3471,0.3471,0.1877,0.2314,0.1877,0.0,0.0,0.0,0.0,0.0,0.0,0.0,0.0,0.1877,0.1877,0.3471,0.0,0.1877,0.3471,0.3471,0.1877,0.1877,0.2314,0.3471,0.3471,0.3471,0.0,0.4628,0.1877,0.4628,0.1877,0.0,0.3471,0.0,0.0,0.0,0.3471,0.3471,0.1877,0.4628,0.3471,0.3471,0.1877,0.4628,0.4628,0.3471,0.3471,0.1877,0.1877,0.3471,0.3471,0.1877,0.0,0.0,0.2314,0.0,0.3471,0.2314,0.3471,0.4628,0.3471,0.1157,0.2314,0.2314,0.2314,0.4628,0.3471,0.1877,0.3471,0.4628,0.3471,0.3471,0.4628,0.3471,0.3471,0.1877,0.4628,0.0,0.1877,0.2314,0.3471,0.1877,0.3471,0.0,0.1877,0.4628,0.3471,0.2314,0.3471,0.1877,0.2314,0.1877,0.1877,0.0,0.3471,0.4628,0.4628,0.2314,0.0,0.3471,0.4628,0.3471,0.1877,0.2314,0.4628,0.3471,0.4628,0.4628,0.4628,0.3471,0.1877,0.3471,0.3471,0.1877,0.2314,0.1877,0.1877,0.0,0.0
#SHENKIN,16.9706,16.9706,10.5286,12.0,10.5286,6.0,6.0,6.0,6.0,6.0,6.0,6.0,6.0,10.5286,10.5286,16.9706,6.0,10.5286,16.9706,16.9706,10.5286,10.5286,12.0,16.9706,16.9706,16.9706,6.0,24.0,10.5286,24.0,10.5286,6.0,16.9706,6.0,6.0,6.0,16.9706,16.9706,10.5286,24.0,16.9706,16.9706,10.5286,24.0,24.0,16.9706,16.9706,10.5286,10.5286,16.9706,16.9706,10.5286,6.0,6.0,12.0,6.0,16.9706,12.0,16.9706,24.0,16.9706,8.4853,12.0,12.0,12.0,24.0,16.9706,10.5286,16.9706,24.0,16.9706,16.9706,24.0,16.9706,16.9706,10.5286,24.0,6.0,10.5286,12.0,16.9706,10.5286,16.9706,6.0,10.5286,24.0,16.9706,12.0,16.9706,10.5286,12.0,10.5286,10.5286,6.0,16.9706,24.0,24.0,12.0,6.0,16.9706,24.0,16.9706,10.5286,12.0,24.0,16.9706,24.0,24.0,24.0,16.9706,10.5286,16.9706,16.9706,10.5286,12.0,10.5286,10.5286,6.0,6.0
#GERSTEIN,-1.6922,-1.6922,-2.1696,-2.0388,-2.1696,-2.732,-2.732,-2.732,-2.732,-2.732,-2.732,-2.732,-2.732,-2.1696,-2.1696,-1.6922,-2.732,-2.1696,-1.6922,-1.6922,-2.1696,-2.1696,-2.0388,-1.6922,-1.6922,-1.6922,-2.732,-1.3457,-2.1696,-1.3457,-2.1696,-2.732,-1.6922,-2.732,-2.732,-2.732,-1.6922,-1.6922,-2.1696,-1.3457,-1.6922,-1.6922,-2.1696,-1.3457,-1.3457,-1.6922,-1.6922,-2.1696,-2.1696,-1.6922,-1.6922,-2.1696,-2.732,-2.732,-2.0388,-2.732,-1.6922,-2.0388,-1.6922,-1.3457,-1.6922,-2.3854,-2.0388,-2.0388,-2.0388,-1.3457,-1.6922,-2.1696,-1.6922,-1.3457,-1.6922,-1.6922,-1.3457,-1.6922,-1.6922,-2.1696,-1.3457,-2.732,-2.1696,-2.0388,-1.6922,-2.1696,-1.6922,-2.732,-2.1696,-1.3457,-1.6922,-2.0388,-1.6922,-2.1696,-2.0388,-2.1696,-2.1696,-2.732,-1.6922,-1.3457,-1.3457,-2.0388,-2.732,-1.6922,-1.3457,-1.6922,-2.1696,-2.0388,-1.3457,-1.6922,-1.3457,-1.3457,-1.3457,-1.6922,-2.1696,-1.6922,-1.6922,-2.1696,-2.0388,-2.1696,-2.1696,-2.732,-2.732
#TAYLOR_GAPS,21.0,21.0,21.0,21.0,21.0,3.0,3.0,5.0,3.0,21.0,3.0,3.0,3.0,4.0,21.0,21.0,3.0,10.0,21.0,21.0,10.0,6.0,4.0,21.0,21.0,21.0,21.0,21.0,3.0,21.0,7.0,3.0,21.0,4.0,3.0,2.0,10.0,21.0,11.0,21.0,9.0,21.0,6.0,21.0,21.0,8.0,11.0,2.0,21.0,21.0,21.0,21.0,2.0,4.0,3.0,3.0,21.0,4.0,21.0,10.0,8.0,21.0,21.0,21.0,2.0,7.0,21.0,21.0,10.0,21.0,21.0,21.0,21.0,8.0,6.0,21.0,21.0,3.0,21.0,2.0,4.0,3.0,5.0,21.0,21.0,21.0,21.0,21.0,21.0,3.0,3.0,4.0,8.0,3.0,21.0,21.0,9.0,8.0,2.0,21.0,10.0,21.0,21.0,10.0,21.0,21.0,21.0,6.0,10.0,10.0,3.0,7.0,21.0,21.0,21.0,21.0,21.0,3.0,3.0
#TAYLOR_NO_GAPS,21.0,21.0,21.0,21.0,21.0,3.0,3.0,5.0,3.0,21.0,3.0,3.0,3.0,4.0,21.0,21.0,3.0,10.0,21.0,21.0,10.0,6.0,4.0,21.0,21.0,21.0,21.0,21.0,3.0,21.0,7.0,3.0,21.0,4.0,3.0,2.0,10.0,21.0,11.0,21.0,9.0,21.0,6.0,21.0,21.0,8.0,11.0,2.0,21.0,21.0,21.0,21.0,2.0,4.0,3.0,3.0,21.0,4.0,21.0,10.0,8.0,3.0,21.0,11.0,2.0,7.0,21.0,21.0,10.0,21.0,21.0,21.0,21.0,8.0,6.0,21.0,21.0,3.0,21.0,2.0,4.0,3.0,5.0,21.0,21.0,21.0,21.0,21.0,21.0,3.0,3.0,4.0,8.0,3.0,21.0,21.0,9.0,8.0,2.0,21.0,10.0,21.0,21.0,10.0,21.0,21.0,21.0,6.0,10.0,10.0,3.0,7.0,21.0,21.0,21.0,21.0,21.0,3.0,3.0
#ZVELIBIL,0.4,0.7,0.9,1.0,0.9,1.0,1.0,0.9,1.0,1.0,1.0,1.0,1.0,0.8,1.0,0.6,1.0,0.4,0.9,0.6,0.4,0.6,0.8,0.3,0.6,0.9,1.0,0.3,0.9,0.6,0.6,1.0,0.7,1.0,1.0,1.0,0.4,0.5,0.5,0.5,0.4,0.7,0.6,0.4,0.4,0.5,0.6,0.9,0.9,0.5,0.8,0.9,1.0,1.0,1.0,1.0,0.8,0.7,0.4,0.4,0.4,0.4,0.2,0.2,0.9,0.6,0.6,0.5,0.5,0.5,0.5,0.3,0.5,0.7,0.7,0.5,0.5,1.0,0.9,0.9,0.7,0.8,0.8,1.0,0.9,0.7,0.7,0.8,0.9,0.9,1.0,0.8,0.4,1.0,0.9,0.5,0.3,0.6,1.0,0.4,0.3,0.9,0.7,0.5,0.5,0.7,0.4,0.5,0.4,0.3,0.9,0.6,0.7,0.7,1.0,0.8,0.8,1.0,1.0
#KARLIN,-0.0874,0.1995,0.4434,0.5556,0.8333,1.0,1.0,1.0,1.0,1.0,1.0,1.0,1.0,0.6543,0.6667,-0.0047,1.0,0.3557,0.4462,-0.0473,0.3125,0.4286,0.3333,-0.2178,0.1111,0.5278,1.0,-0.159,0.6179,-0.0839,0.4385,1.0,0.0916,1.0,1.0,1.0,0.0779,0.106,0.2365,-0.2743,0.0242,-0.0175,0.4286,-0.2826,-0.2553,0.0,0.0593,0.626,0.7108,0.0762,0.1646,0.8333,1.0,1.0,0.3333,1.0,0.5092,0.1762,-0.2725,-0.1531,-0.0035,0.1667,0.1111,-0.0398,0.5013,-0.1563,0.0583,0.1914,0.0676,-0.1788,-0.1037,-0.0739,-0.2775,0.3642,0.3292,0.1914,-0.274,1.0,0.6443,0.5013,0.2114,0.6667,0.3292,1.0,0.8333,0.0407,0.1944,0.4296,0.5,0.6179,0.3333,0.5,0.4228,1.0,0.5278,-0.1077,-0.1438,0.2371,1.0,-0.0943,-0.0423,0.5278,0.3333,0.1552,-0.0612,0.1111,-0.2055,-0.0208,-0.0097,-0.0322,0.7004,0.1402,0.1708,0.432,0.5556,0.5,0.5,1.0,1.0
#ARMON,5.89,2.97,1.39,0.14,0.85,0.0,0.0,0.0,0.0,0.0,0.0,0.0,0.0,0.89,0.14,5.45,0.0,2.92,0.84,5.91,3.58,1.83,1.45,8.81,4.51,1.9,0.0,14.76,0.65,8.75,0.06,0.0,4.58,0.0,0.0,0.0,6.17,6.39,3.95,12.13,6.2,6.47,1.83,10.87,13.52,5.43,5.63,0.9,0.48,6.98,3.42,0.85,0.0,0.0,0.91,0.0,1.76,2.34,9.98,13.35,6.05,6.0,12.85,14.45,0.9,5.41,5.45,3.53,5.96,11.39,5.91,7.2,13.17,2.59,2.3,3.53,12.29,0.0,0.29,0.9,4.69,0.51,2.4,0.0,0.85,8.71,2.97,0.62,1.9,0.65,0.91,1.45,2.46,0.0,1.9,10.8,10.67,1.92,0.0,7.65,12.14,1.9,2.76,3.54,9.3,5.59,11.26,10.45,9.99,7.46,0.4,1.13,4.58,1.43,0.14,1.85,1.85,0.0,0.0
#THOMPSON,11.2815,7.0625,6.9855,3.6401,1.9121,0.0,0.0,0.0,0.0,0.0,0.0,0.0,0.0,3.4164,2.73,10.1146,0.0,6.0,4.7793,8.9809,6.7604,5.8577,6.0415,11.4626,8.7605,3.5816,0.0,10.7532,4.0908,9.5589,6.1619,0.0,8.2178,0.0,0.0,0.0,7.9333,9.0058,10.1527,10.6451,8.8941,9.9523,5.8577,13.9514,11.1089,9.1886,9.7058,4.0908,4.226,9.3473,8.0427,1.9121,0.0,0.0,7.0887,0.0,4.5322,8.4113,11.4867,9.3406,9.0178,6.1998,5.7513,6.812,5.4544,9.5742,8.8628,8.9294,7.6795,12.5415,10.8713,9.838,12.3123,5.2995,5.0395,8.9294,12.0573,0.0,3.933,5.4544,6.6028,3.204,6.0329,0.0,1.9121,7.8291,7.7082,5.2915,3.9059,4.0908,7.0887,4.5311,5.7852,0.0,3.5816,9.9501,10.1246,7.5829,0.0,9.8331,8.1559,3.5816,6.4626,8.441,11.5428,7.2845,12.285,7.8413,7.6076,8.9577,2.7557,8.5954,6.8247,6.2412,3.6401,5.4858,5.4858,0.0,0.0
#NOT_LANCET,1.1875,2.5625,3.8125,4.0,5.25,8.0,8.0,11.0,8.0,6.0,8.0,7.0,6.0,5.0625,4.5,2.0625,8.0,4.125,3.75,1.3125,3.875,4.0,3.75,0.8125,2.0,3.875,6.0,0.8125,6.3125,1.375,6.1875,8.0,2.125,7.0,8.0,9.0,2.25,1.9375,4.3125,0.3125,1.8125,1.5625,4.0,0.75,0.625,2.0,2.375,5.25,7.1875,1.75,2.4375,5.25,9.0,7.0,3.5,8.0,4.0,3.25,0.375,1.0,2.0,-2.75,-3.25,-3.6875,5.0,1.0,1.875,2.8125,2.0625,1.0625,1.125,1.125,0.3125,4.0625,3.0625,2.3125,0.3125,6.0,4.625,5.0,3.0625,4.5,4.1875,6.0,5.25,1.875,3.125,4.0,3.75,6.3125,3.5,4.9375,3.9375,8.0,3.875,1.1875,1.1875,3.0,9.0,1.3125,1.4375,3.875,3.0,2.75,2.0,2.0,1.0625,1.6875,1.5625,1.75,5.5625,3.25,2.3125,3.5625,4.0,3.75,3.75,8.0,7.0
#MIRNY,-1.0397,-0.5623,0.0,0.0,0.0,0.0,0.0,0.0,0.0,0.0,0.0,0.0,0.0,0.0,0.0,-1.0397,0.0,-0.5623,0.0,-0.5623,-0.5623,-0.5623,-0.6931,-1.0397,-0.5623,0.0,0.0,-1.3863,-0.5623,-1.0397,-0.5623,0.0,-0.6931,0.0,0.0,0.0,-1.0397,-0.5623,-0.5623,-1.0397,-1.0397,-0.5623,-0.5623,-1.0397,-1.0397,-0.6931,-1.0397,0.0,0.0,-0.5623,0.0,0.0,0.0,0.0,-0.6931,0.0,0.0,-0.6931,-1.0397,-1.0397,-0.6931,-0.3466,-0.3466,-0.6931,0.0,-1.0397,-1.0397,-0.5623,-1.0397,-1.0397,-0.6931,-0.5623,-1.0397,-0.6931,-0.6931,-0.5623,-1.0397,0.0,0.0,0.0,-0.5623,-0.5623,-0.5623,0.0,0.0,0.0,-0.6931,0.0,0.0,-0.5623,-0.6931,-0.5623,-0.5623,0.0,0.0,-0.6931,-1.0397,-0.6931,0.0,-1.0397,-1.3863,0.0,0.0,-0.6931,-0.5623,0.0,-1.0397,-1.0397,-1.0397,-1.0397,0.0,-1.0397,-0.5623,-0.5623,0.0,0.0,0.0,0.0,0.0
#WILLIAMSON,-4.0061,-3.6914,-2.6358,-3.5482,-3.5482,-2.9957,-2.7881,-1.0986,-1.981,-3.5482,-2.9957,-2.7881,-2.4849,-2.4849,-3.5482,-3.4839,-1.981,-3.4023,-3.5482,-4.184,-3.5062,-3.3194,-3.5111,-4.0328,-4.184,-3.5482,-3.5482,-3.9364,-3.1934,-3.903,-2.1352,-2.9957,-3.7097,-2.4849,-2.7881,-2.8478,-3.8039,-3.9205,-2.6781,-3.9182,-3.2539,-3.8926,-3.3194,-3.5597,-3.8459,-3.1815,-3.397,-2.8478,-1.8718,-3.7187,-3.0502,-3.5482,-2.8478,-2.4849,-2.9957,-2.9957,-3.5482,-3.5111,-4.0697,-3.8039,-3.6149,-1.7406,-2.1207,-1.7823,-2.8478,-3.4335,-3.903,-3.5852,-3.8039,-3.1679,-3.7097,-4.2598,-4.021,-3.0777,-3.4335,-3.9354,-4.0061,-2.9957,-3.5482,-2.8478,-3.3952,-3.4304,-3.1934,-3.5482,-3.5482,-3.9724,-3.4031,-3.5482,-3.5482,-3.1934,-2.9957,-3.3654,-3.4471,-2.9957,-3.5482,-3.7097,-3.4872,-3.1815,-2.8478,-4.0477,-4.1654,-3.5482,-3.6962,-3.5851,-3.5597,-3.9724,-3.7888,-3.9117,-3.7281,-3.9466,-2.7881,-2.9592,-3.8447,-3.6914,-3.5482,-3.9724,-3.9724,-1.981,-2.7881
#LANDGRAF,1625.7471,857.8599,584.6624,300.0,97.4399,0.0,0.0,0.0,0.0,0.0,0.0,0.0,0.0,250.3943,221.825,1582.6994,0.0,802.135,414.8132,1608.3917,916.9649,800.9592,902.251,1782.3836,1295.9127,366.8336,0.0,1803.4965,332.4092,1506.4035,631.5222,0.0,1347.3867,0.0,0.0,0.0,1242.1704,1292.8063,991.0303,1872.4916,1310.2267,1596.0961,704.0196,1831.3696,1731.257,1233.3953,1266.6424,247.8921,252.4631,1302.7598,1086.3938,116.1083,0.0,0.0,859.7885,0.0,394.7336,1063.8298,1899.6529,1527.0459,1166.9109,1276.1875,1202.1442,1621.4179,351.6037,1490.3892,1316.2435,1286.5866,1245.7748,1722.8982,1652.9849,1532.7868,1829.4803,576.2892,745.109,1284.9403,1756.2071,0.0,292.9408,323.9282,847.0197,357.9219,603.9122,0.0,114.3583,1153.8058,891.8504,580.0219,384.9523,353.4933,847.5032,616.6392,774.4167,0.0,362.8667,1585.0242,1405.6596,1078.8318,0.0,1641.75,1383.0934,372.2417,1115.3,1257.658,1351.7897,1078.8333,1735.5005,1309.1547,1230.5184,1379.5494,248.651,1023.5975,1161.7599,757.866,300.0,713.2681,746.5953,0.0,0.0
#SANDER,-18.0,48.0,0.0,114.0,144.0,180.0,216.0,216.0,72.0,144.0,180.0,180.0,72.0,72.0,144.0,6.0,72.0,72.0,102.0,-6.0,36.0,72.0,36.0,-12.0,18.0,114.0,144.0,-54.0,108.0,-18.0,126.0,180.0,6.0,108.0,216.0,144.0,18.0,42.0,108.0,-12.0,24.0,-48.0,72.0,-60.0,-24.0,24.0,-24.0,126.0,288.0,36.0,-24.0,162.0,144.0,108.0,66.0,180.0,114.0,36.0,-36.0,-18.0,60.0,-210.0,-216.0,-258.0,120.0,12.0,-6.0,18.0,24.0,-54.0,-12.0,-12.0,-30.0,66.0,42.0,54.0,-36.0,72.0,126.0,120.0,42.0,54.0,90.0,144.0,144.0,24.0,78.0,108.0,108.0,108.0,66.0,90.0,72.0,180.0,114.0,-6.0,12.0,36.0,144.0,-30.0,-12.0,114.0,0.0,12.0,18.0,30.0,-48.0,6.0,0.0,6.0,144.0,66.0,36.0,54.0,114.0,72.0,72.0,72.0,180.0
#VALDAR,0.1094,0.1779,0.1929,0.2103,0.2532,0.2768,0.2768,0.2768,0.2768,0.2768,0.2768,0.2768,0.2768,0.2178,0.2267,0.1332,0.2768,0.1929,0.2064,0.1414,0.1992,0.1865,0.1752,0.103,0.1548,0.2093,0.2768,0.086,0.2296,0.1244,0.2178,0.2768,0.1496,0.2768,0.2768,0.2768,0.1387,0.1454,0.1811,0.1164,0.1447,0.1186,0.1929,0.0781,0.1094,0.1438,0.1435,0.2517,0.264,0.1584,0.1336,0.2532,0.2768,0.2768,0.1937,0.2768,0.2198,0.1586,0.103,0.1244,0.1758,0.0444,0.0364,0.008,0.2436,0.1388,0.1441,0.1502,0.1414,0.1032,0.1457,0.1293,0.0921,0.2023,0.1799,0.1502,0.0967,0.2768,0.2392,0.2436,0.1831,0.2178,0.2059,0.2768,0.2517,0.1531,0.1779,0.2103,0.212,0.2267,0.1938,0.2047,0.1865,0.2768,0.2095,0.1375,0.1251,0.1586,0.2768,0.1123,0.1129,0.2092,0.1857,0.1586,0.1405,0.1617,0.1144,0.1257,0.1293,0.1455,0.2511,0.1737,0.1613,0.1992,0.2103,0.2142,0.2133,0.2768,0.2768
#SMERFS,0.48,0.48,0.48,0.48,0.1758,-0.0811,-0.4639,0.1392,0.0,0.0,0.1392,0.2161,0.5683,0.5683,0.4033,0.3252,0.5724,0.7157,0.4871,0.5189,0.6305,0.6472,0.6193,0.5704,0.6876,0.9535,0.847,0.4436,0.0639,0.4323,0.4323,0.4826,0.6662,0.713,0.6705,0.6321,0.4051,0.2702,0.4203,0.3752,0.1432,0.2698,0.1783,0.1075,0.2116,-0.0519,-0.0118,0.0745,0.0261,0.0708,0.1049,0.7965,0.821,0.6913,0.8674,0.9676,0.9647,0.9574,0.9392,0.9428,0.9334,0.9238,0.9577,0.9783,0.8199,0.7353,0.6759,0.6347,0.686,0.7743,0.8355,0.8917,0.8181,0.8305,0.7959,0.7307,0.4123,0.2806,0.4166,0.3645,0.0358,0.0527,0.0537,0.323,0.563,0.6163,0.785,0.7059,0.5778,0.7875,0.5705,0.1642,-0.1958,-0.0456,0.6734,0.5459,0.6698,0.715,0.5174,0.3455,0.5467,0.3564,0.4318,0.321,0.3277,0.5318,0.8868,0.5536,0.6928,0.4761,0.6159,0.6685,0.7618,0.4682,0.5686,0.1915,0.1915,0.1915,0.1915
